{
    "x": [
        -1.254598811526375,
        4.507143064099161,
        2.3199394181140507,
        0.986584841970366,
        -3.439813595575635,
        -3.4400547966379733,
        -4.419163878318005,
        3.6617614577493516,
        1.0111501174320878,
        2.0807257779604544,
        -4.7941550570419755,
        4.699098521619943,
        3.324426408004218,
        -2.8766088932172384,
        -3.181750327928994,
        -3.165954901465662,
        -1.9575775704046228,
        0.24756431632237863,
        -0.6805498135788426,
        -2.0877085980195806,
        1.118528947223795,
        -3.6050613934795814,
        -2.0785535146478185,
        -1.336381567063083,
        -0.43930015782964027,
        2.8517596139301364,
        -3.003262178416403,
        0.14234438413611628,
        0.9241456886204249,
        -4.5354958728000225,
        1.0754485190143832,
        -3.294758763127085,
        -4.349484070147205,
        4.488855372533333,
        4.656320330745594,
        3.0839734811646107,
        -1.9538623082662934,
        -4.023278859936161,
        1.8423302651215687,
        -0.5984750626039865,
        -3.7796176515522117,
        -0.048230898887298146,
        -4.656114788847816,
        4.093204020787821,
        -2.412200183999831,
        1.6252228435398202,
        -1.8828892391058902,
        0.20068021177810813,
        0.4671027934327965,
        -3.1514554447447294,
        4.695846277645586,
        2.7513282336111455,
        4.394989415641891,
        3.9482735042764876,
        0.9789997881108512,
        4.218742350231167,
        -4.115074979480805,
        -3.040171375808548,
        -4.54772711089462,
        -1.7466966923673564,
        -1.1132271031051797,
        -2.286509682261041,
        3.2873750915192943,
        -1.432466733064107
    ],
    "y": [
        0.9403061933191574,
        1.0,
        0.9403061933191574
    ],
    "result_valid": [
        5.508889434467941,
        7.485725792601513,
        -0.066439782834959,
        -5.746826589072059,
        -10.82989998849591,
        -4.210691731774865,
        0.457185011471409,
        6.4108464302262265,
        -1.4764571961116881,
        1.5809557214691905,
        3.317103570431141,
        5.038124692851211,
        -2.7424496914840053,
        -8.863610487595434,
        -7.99849675376669,
        -4.701758312139172,
        -2.233083201602141,
        -2.410848878259554,
        -1.6758741061086728,
        -4.234417932924314,
        -4.507778439966936,
        -6.725022934379439,
        -3.7039349691650227,
        0.9856192048593386,
        -0.3853030717292856,
        -0.18788764559305482,
        -1.8126617278510286,
        -3.206761864359523,
        -2.6552650552358994,
        -6.287388410413921,
        -6.373354669004378,
        -3.226667632901103,
        4.777375408708889,
        11.777098202823785,
        5.62511149688694,
        -2.8370969733431792,
        -4.128153130858685,
        -2.503533572240041,
        -2.420118390303804,
        -4.387719272398887,
        -7.980402357778775,
        -0.8526015105152269,
        -2.5531763245113535,
        2.9648720125701,
        -2.4134763418660965,
        -0.16598128779007007,
        -1.1305925515056185,
        -2.307529433218497,
        1.703297542581664,
        4.3196041829011556,
        11.299497338456217,
        10.694666422549425,
        9.001468835395478,
        8.65849537704015,
        1.2698714250714382,
        -3.006857392965021,
        -11.185857832886702,
        -9.048848802002134,
        -7.06972699988755,
        -4.905676036102568,
        -0.24214486356286136,
        -0.20960146461882134
    ],
    "result_same": [
        2.9834957258215495,
        5.508889434467941,
        7.485725792601513,
        -0.066439782834959,
        -5.746826589072059,
        -10.82989998849591,
        -4.210691731774865,
        0.457185011471409,
        6.4108464302262265,
        -1.4764571961116881,
        1.5809557214691905,
        3.317103570431141,
        5.038124692851211,
        -2.7424496914840053,
        -8.863610487595434,
        -7.99849675376669,
        -4.701758312139172,
        -2.233083201602141,
        -2.410848878259554,
        -1.6758741061086728,
        -4.234417932924314,
        -4.507778439966936,
        -6.725022934379439,
        -3.7039349691650227,
        0.9856192048593386,
        -0.3853030717292856,
        -0.18788764559305482,
        -1.8126617278510286,
        -3.206761864359523,
        -2.6552650552358994,
        -6.287388410413921,
        -6.373354669004378,
        -3.226667632901103,
        4.777375408708889,
        11.777098202823785,
        5.62511149688694,
        -2.8370969733431792,
        -4.128153130858685,
        -2.503533572240041,
        -2.420118390303804,
        -4.387719272398887,
        -7.980402357778775,
        -0.8526015105152269,
        -2.5531763245113535,
        2.9648720125701,
        -2.4134763418660965,
        -0.16598128779007007,
        -1.1305925515056185,
        -2.307529433218497,
        1.703297542581664,
        4.3196041829011556,
        11.299497338456217,
        10.694666422549425,
        9.001468835395478,
        8.65849537704015,
        1.2698714250714382,
        -3.006857392965021,
        -11.185857832886702,
        -9.048848802002134,
        -7.06972699988755,
        -4.905676036102568,
        -0.24214486356286136,
        -0.20960146461882134,
        1.6586724252546174
    ],
    "result_full": [
        -1.1797070326091048,
        2.9834957258215495,
        5.508889434467941,
        7.485725792601513,
        -0.066439782834959,
        -5.746826589072059,
        -10.82989998849591,
        -4.210691731774865,
        0.457185011471409,
        6.4108464302262265,
        -1.4764571961116881,
        1.5809557214691905,
        3.317103570431141,
        5.038124692851211,
        -2.7424496914840053,
        -8.863610487595434,
        -7.99849675376669,
        -4.701758312139172,
        -2.233083201602141,
        -2.410848878259554,
        -1.6758741061086728,
        -4.234417932924314,
        -4.507778439966936,
        -6.725022934379439,
        -3.7039349691650227,
        0.9856192048593386,
        -0.3853030717292856,
        -0.18788764559305482,
        -1.8126617278510286,
        -3.206761864359523,
        -2.6552650552358994,
        -6.287388410413921,
        -6.373354669004378,
        -3.226667632901103,
        4.777375408708889,
        11.777098202823785,
        5.62511149688694,
        -2.8370969733431792,
        -4.128153130858685,
        -2.503533572240041,
        -2.420118390303804,
        -4.387719272398887,
        -7.980402357778775,
        -0.8526015105152269,
        -2.5531763245113535,
        2.9648720125701,
        -2.4134763418660965,
        -0.16598128779007007,
        -1.1305925515056185,
        -2.307529433218497,
        1.703297542581664,
        4.3196041829011556,
        11.299497338456217,
        10.694666422549425,
        9.001468835395478,
        8.65849537704015,
        1.2698714250714382,
        -3.006857392965021,
        -11.185857832886702,
        -9.048848802002134,
        -7.06972699988755,
        -4.905676036102568,
        -0.24214486356286136,
        -0.20960146461882134,
        1.6586724252546174,
        -1.34695734082384
    ]
}