{
    "x": [
        -1.254598811526375,
        4.507143064099161,
        2.3199394181140507,
        0.986584841970366,
        -3.439813595575635,
        -3.4400547966379733,
        -4.419163878318005,
        3.6617614577493516,
        1.0111501174320878,
        2.0807257779604544,
        -4.7941550570419755,
        4.699098521619943,
        3.324426408004218,
        -2.8766088932172384,
        -3.181750327928994,
        -3.165954901465662,
        -1.9575775704046228,
        0.24756431632237863,
        -0.6805498135788426,
        -2.0877085980195806,
        1.118528947223795,
        -3.6050613934795814,
        -2.0785535146478185,
        -1.336381567063083,
        -0.43930015782964027,
        2.8517596139301364,
        -3.003262178416403,
        0.14234438413611628,
        0.9241456886204249,
        -4.5354958728000225,
        1.0754485190143832,
        -3.294758763127085,
        -4.349484070147205,
        4.488855372533333,
        4.656320330745594,
        3.0839734811646107,
        -1.9538623082662934,
        -4.023278859936161,
        1.8423302651215687,
        -0.5984750626039865,
        -3.7796176515522117,
        -0.048230898887298146,
        -4.656114788847816,
        4.093204020787821,
        -2.412200183999831,
        1.6252228435398202,
        -1.8828892391058902,
        0.20068021177810813,
        0.4671027934327965,
        -3.1514554447447294,
        4.695846277645586,
        2.7513282336111455,
        4.394989415641891,
        3.9482735042764876,
        0.9789997881108512,
        4.218742350231167,
        -4.115074979480805,
        -3.040171375808548,
        -4.54772711089462,
        -1.7466966923673564,
        -1.1132271031051797,
        -2.286509682261041,
        3.2873750915192943,
        -1.432466733064107
    ],
    "y": [
        0.9403061933191574,
        0.9476590216968434,
        0.9545475635032179,
        0.960966514091227,
        0.9669109283698445,
        0.9723762250642471,
        0.9773581906633237,
        0.9818529830509348,
        0.9858571348176298,
        0.9893675562498186,
        0.9923815379936803,
        0.9948967533913998,
        0.9969112604876068,
        0.9984235037041954,
        0.9994323151820118,
        0.9999369157881839,
        0.9999369157881839,
        0.9994323151820118,
        0.9984235037041954,
        0.9969112604876068,
        0.9948967533913998,
        0.9923815379936803,
        0.9893675562498186,
        0.9858571348176298,
        0.9818529830509348,
        0.9773581906633237,
        0.9723762250642471,
        0.9669109283698445,
        0.960966514091227,
        0.9545475635032179,
        0.9476590216968434,
        0.9403061933191574
    ],
    "result_valid": [
        -20.327874953772945,
        -23.31997659695665,
        -23.40624531193906,
        -21.213498734189034,
        -19.19074781668703,
        -17.7360646923138,
        -18.26024981538604,
        -12.405078452347947,
        -16.394233974237434,
        -20.870760171745225,
        -22.84719683526064,
        -22.71838868089418,
        -23.277434240184192,
        -28.59138991399194,
        -24.305197395967138,
        -23.030866628178117,
        -19.84020035538177,
        -17.539113593281897,
        -20.69976356425527,
        -15.628495665912101,
        -11.034341067008846,
        -7.873715061102328,
        -0.6813686896583899,
        2.298616633098259,
        7.623253306630469,
        4.293877950846721,
        -1.1313068425646469,
        -2.515212580337982,
        -4.256344451433963,
        -6.141346277768917,
        -4.03703972921134,
        -1.9751209916296748,
        -0.2411044036181078
    ],
    "result_same": [
        -3.6835021145119216,
        -5.5628652488084125,
        -5.381304213775536,
        -6.067887771687595,
        -8.07996643394984,
        -7.08953178194481,
        -10.528470437193244,
        -12.554983229986522,
        -13.893653047127422,
        -14.392343973410926,
        -11.792708351730493,
        -14.670400116328647,
        -14.606390104782424,
        -13.798818710027865,
        -18.110822790074945,
        -17.17319300712088,
        -20.327874953772945,
        -23.31997659695665,
        -23.40624531193906,
        -21.213498734189034,
        -19.19074781668703,
        -17.7360646923138,
        -18.26024981538604,
        -12.405078452347947,
        -16.394233974237434,
        -20.870760171745225,
        -22.84719683526064,
        -22.71838868089418,
        -23.277434240184192,
        -28.59138991399194,
        -24.305197395967138,
        -23.030866628178117,
        -19.84020035538177,
        -17.539113593281897,
        -20.69976356425527,
        -15.628495665912101,
        -11.034341067008846,
        -7.873715061102328,
        -0.6813686896583899,
        2.298616633098259,
        7.623253306630469,
        4.293877950846721,
        -1.1313068425646469,
        -2.515212580337982,
        -4.256344451433963,
        -6.141346277768917,
        -4.03703972921134,
        -1.9751209916296748,
        -0.2411044036181078,
        3.7865468988791626,
        -0.4633514984678804,
        -4.834133477008061,
        -7.699995878935996,
        -5.840282601335777,
        -2.0632951592104236,
        -3.7864088162752196,
        -3.217278962065742,
        0.31510946161231823,
        0.3382931581490354,
        4.6577407261346995,
        0.7798465301709483,
        2.9998041131282007,
        1.4345968024678297,
        3.152708456359618
    ],